"provincia","canton","parroquia","poblacion","densidad_poblacional","id_poblacion"
"Azuay","Cuenca","Cuenca",361524,5044,"Row0"
"Azuay","Cuenca","Banos",21797,87,"Row1"
"Azuay","Cuenca","Cumbe",6455,86,"Row2"
"Azuay","Cuenca","Chaucha",1721,5,"Row3"
"Azuay","Cuenca","Checa",3204,29,"Row4"
"Azuay","Cuenca","Chiquintad",5738,61,"Row5"
"Azuay","Cuenca","Llacao",7468,468,"Row6"
"Azuay","Cuenca","Molleturo",6882,7,"Row7"
"Azuay","Cuenca","Nulti",6707,248,"Row8"
"Azuay","Cuenca","Octavio Cordero Palacios",2516,120,"Row9"
"Azuay","Cuenca","Paccha",8497,336,"Row10"
"Azuay","Cuenca","Quingeo",7318,63,"Row11"
"Azuay","Cuenca","Ricaurte",26919,1932,"Row12"
"Azuay","Cuenca","San Joaquin",10728,53,"Row13"
"Azuay","Cuenca","Santa Ana",7027,156,"Row14"
"Azuay","Cuenca","Sayausi",10352,37,"Row15"
"Azuay","Cuenca","Sidcay",5039,312,"Row16"
"Azuay","Cuenca","Sinincay",26725,573,"Row17"
"Azuay","Cuenca","Tarqui",14144,94,"Row18"
"Azuay","Cuenca","Turi",13901,537,"Row19"
"Azuay","Cuenca","Valle",34785,784,"Row20"
"Azuay","Cuenca","Victoria Del Portete",6654,34,"Row21"
"Azuay","Giron","Giron",8441,35,"Row22"
"Azuay","Giron","La Asuncion",2683,50,"Row23"
"Azuay","Giron","San Gerardo",1058,21,"Row24"
"Azuay","Gualaceo","Gualaceo",22019,531,"Row25"
"Azuay","Gualaceo","Daniel Cordova Toral",1552,77,"Row26"
"Azuay","Gualaceo","Jadan",4581,87,"Row27"
"Azuay","Gualaceo","Mariano Moreno",2513,66,"Row28"
"Azuay","Gualaceo","Remigio Crespo Toral",1380,45,"Row29"
"Azuay","Gualaceo","San Juan",4696,131,"Row30"
"Azuay","Gualaceo","Zhidmad",3045,73,"Row31"
"Azuay","Gualaceo","Luis Cordero Vega",2670,36,"Row32"
"Azuay","Gualaceo","Simon Bolivar",732,61,"Row33"
"Azuay","Nabon","Nabon",9097,37,"Row34"
"Azuay","Nabon","Cochapata",2981,27,"Row35"
"Azuay","Nabon","El Progreso",1388,9,"Row36"
"Azuay","Nabon","Las Nieves",1310,11,"Row37"
"Azuay","Paute","Paute",11497,217,"Row38"
"Azuay","Paute","Bulan",1911,49,"Row39"
"Azuay","Paute","Chican",3394,138,"Row40"
"Azuay","Paute","El Cabo",3366,148,"Row41"
"Azuay","Paute","Guarainag",701,19,"Row42"
"Azuay","Paute","San Cristobal",2819,166,"Row43"
"Azuay","Paute","Tomebamba",1315,34,"Row44"
"Azuay","Paute","Dug Dug",1779,48,"Row45"
"Azuay","Pucara","Pucara",8001,14,"Row46"
"Azuay","Pucara","San Rafael De Sharug",1692,25,"Row47"
"Azuay","San Fernando","San Fernando",2985,25,"Row48"
"Azuay","San Fernando","Chumblin",753,33,"Row49"
"Azuay","Santa Isabel","Santa Isabel",10410,56,"Row50"
"Azuay","Santa Isabel","Abdon Calderon",4228,68,"Row51"
"Azuay","Santa Isabel","El Carmen De Pijili",2648,13,"Row52"
"Azuay","Santa Isabel","Shaglli",1849,7,"Row53"
"Azuay","Santa Isabel","San Salvador De Canaribamba",1618,16,"Row54"
"Azuay","Sigsig","Sigsig",10656,74,"Row55"
"Azuay","Sigsig","Cuchil",1638,13,"Row56"
"Azuay","Sigsig","Jima",2778,12,"Row57"
"Azuay","Sigsig","Guel",1058,64,"Row58"
"Azuay","Sigsig","Ludo",3429,43,"Row59"
"Azuay","Sigsig","San Bartolome",3368,94,"Row60"
"Azuay","Sigsig","San Jose De Raranga",2065,48,"Row61"
"Azuay","Ona","San Felipe De Ona",2456,11,"Row62"
"Azuay","Ona","Susudel",966,13,"Row63"
"Azuay","Chordeleg","Chordeleg",6907,423,"Row64"
"Azuay","Chordeleg","Principal",1158,38,"Row65"
"Azuay","Chordeleg","La Union",1875,137,"Row66"
"Azuay","Chordeleg","Luis Galarza Orellana",1237,42,"Row67"
"Azuay","Chordeleg","San Martin De Puzhio",1020,73,"Row68"
"Azuay","El Pan","El Pan",1085,61,"Row69"
"Azuay","El Pan","San Vicente",1691,14,"Row70"
"Azuay","Sevilla De Oro","Sevilla De Oro",2027,31,"Row71"
"Azuay","Sevilla De Oro","Amaluza",896,5,"Row72"
"Azuay","Sevilla De Oro","Palmas",1690,24,"Row73"
"Azuay","Guachapala","Guachapala",3586,89,"Row74"
"Azuay","Camilo Ponce Enriquez","Camilo Ponce Enriquez",22810,107,"Row75"
"Bolivar","Guaranda","Guaranda",62611,123,"Row76"
"Bolivar","Guaranda","Facundo Vela",1859,16,"Row77"
"Bolivar","Guaranda","Julio E. Moreno",2527,30,"Row78"
"Bolivar","Guaranda","Salinas",5880,13,"Row79"
"Bolivar","Guaranda","San Lorenzo",1770,19,"Row80"
"Bolivar","Guaranda","San Simon",4288,52,"Row81"
"Bolivar","Guaranda","Santa Fe",1896,73,"Row82"
"Bolivar","Guaranda","Simiatug",9412,32,"Row83"
"Bolivar","Guaranda","San Luis De Pambil",7887,42,"Row84"
"Bolivar","Chillanes","Chillanes",13855,33,"Row85"
"Bolivar","Chillanes","San Jose Del Tambo",5947,24,"Row86"
"Bolivar","Chimbo","San Jose De Chimbo",6020,410,"Row87"
"Bolivar","Chimbo","Asuncion",2745,79,"Row88"
"Bolivar","Chimbo","La Magdalena",2552,59,"Row89"
"Bolivar","Chimbo","San Sebastian",1176,111,"Row90"
"Bolivar","Chimbo","Telimbela",3031,18,"Row91"
"Bolivar","Echeandia","Echeandia",14654,60,"Row92"
"Bolivar","San Miguel","San Miguel",14040,150,"Row93"
"Bolivar","San Miguel","Balsapamba",2470,22,"Row94"
"Bolivar","San Miguel","Bilovan",2966,21,"Row95"
"Bolivar","San Miguel","Regulo De Mora",1005,12,"Row96"
"Bolivar","San Miguel","San Pablo",5180,68,"Row97"
"Bolivar","San Miguel","Santiago",1633,33,"Row98"
"Bolivar","San Miguel","San Vicente",1055,37,"Row99"
"Bolivar","Caluma","Caluma",15607,89,"Row100"
"Bolivar","Las Naves","Las Naves",7012,47,"Row101"
"Canar","Azogues","Azogues",41249,730,"Row102"
"Canar","Azogues","Cojitambo",3612,190,"Row103"
"Canar","Azogues","Guapan",8921,115,"Row104"
"Canar","Azogues","Javier Loyola",8591,280,"Row105"
"Canar","Azogues","Luis Cordero",3931,162,"Row106"
"Canar","Azogues","Pindilig",1837,16,"Row107"
"Canar","Azogues","Rivera",1568,3,"Row108"
"Canar","Azogues","San Miguel",3615,135,"Row109"
"Canar","Azogues","Taday",1191,20,"Row110"
"Canar","Biblian","Biblian",12379,206,"Row111"
"Canar","Biblian","Nazon",2232,44,"Row112"
"Canar","Biblian","San Francisco De Sageo",1471,392,"Row113"
"Canar","Biblian","Turupamba",1078,165,"Row114"
"Canar","Biblian","Jerusalen",1692,28,"Row115"
"Canar","Canar","Canar",17305,227,"Row116"
"Canar","Canar","Chontamarca",3191,15,"Row117"
"Canar","Canar","Chorocopte",2726,80,"Row118"
"Canar","Canar","General Morales",2300,20,"Row119"
"Canar","Canar","Gualleturo",3223,11,"Row120"
"Canar","Canar","Honorato Vasquez",5906,77,"Row121"
"Canar","Canar","Ingapirca",6964,17,"Row122"
"Canar","Canar","Juncal",1680,26,"Row123"
"Canar","Canar","San Antonio",2127,5,"Row124"
"Canar","Canar","Zhud",1683,20,"Row125"
"Canar","Canar","Ventura",1357,20,"Row126"
"Canar","Canar","Ducur",3688,37,"Row127"
"Canar","La Troncal","La Troncal",46505,297,"Row128"
"Canar","La Troncal","Manuel J. Calle",4732,78,"Row129"
"Canar","La Troncal","Pancho Negro",10866,72,"Row130"
"Canar","El Tambo","El Tambo",9285,147,"Row131"
"Canar","Deleg","Deleg",4273,75,"Row132"
"Canar","Deleg","Solano",1773,105,"Row133"
"Canar","Suscal","Suscal",4627,87,"Row134"
"Carchi","Tulcan","Tulcan",64218,473,"Row135"
"Carchi","Tulcan","El Carmelo",2162,33,"Row136"
"Carchi","Tulcan","Julio Andrade",10594,114,"Row137"
"Carchi","Tulcan","Maldonado",2069,10,"Row138"
"Carchi","Tulcan","Pioter",670,38,"Row139"
"Carchi","Tulcan","Tobar Donoso",1393,2,"Row140"
"Carchi","Tulcan","Tufino",2692,15,"Row141"
"Carchi","Tulcan","Urbina",1770,44,"Row142"
"Carchi","Tulcan","El Chical",4403,10,"Row143"
"Carchi","Tulcan","Santa Martha De Cuba",2404,145,"Row144"
"Carchi","Bolivar","Bolivar",5873,59,"Row145"
"Carchi","Bolivar","Garcia Moreno",1364,23,"Row146"
"Carchi","Bolivar","Los Andes",2536,43,"Row147"
"Carchi","Bolivar","Monte Olivo",1699,24,"Row148"
"Carchi","Bolivar","San Vicente De Pusir",2254,53,"Row149"
"Carchi","Bolivar","San Rafael",1951,63,"Row150"
"Carchi","Espejo","El Angel",7075,62,"Row151"
"Carchi","Espejo","El Goaltal",746,3,"Row152"
"Carchi","Espejo","La Libertad",3718,25,"Row153"
"Carchi","Espejo","San Isidro",2983,64,"Row154"
"Carchi","Mira","Mira",6706,67,"Row155"
"Carchi","Mira","Concepcion",2680,18,"Row156"
"Carchi","Mira","Jijon Y Caamano",1961,7,"Row157"
"Carchi","Mira","Juan Montalvo",1380,26,"Row158"
"Carchi","Montufar","San Gabriel",20576,141,"Row159"
"Carchi","Montufar","Cristobal Colon",2901,89,"Row160"
"Carchi","Montufar","Chitan De Navarrete",641,16,"Row161"
"Carchi","Montufar","Fernandez Salvador",1144,36,"Row162"
"Carchi","Montufar","La Paz",3399,30,"Row163"
"Carchi","Montufar","Piartal",929,50,"Row164"
"Carchi","San Pedro De Huaca","Huaca",6455,149,"Row165"
"Carchi","San Pedro De Huaca","Mariscal Sucre",1482,45,"Row166"
"Cotopaxi","Latacunga","Latacunga",125651,472,"Row167"
"Cotopaxi","Latacunga","Alaquez",7958,55,"Row168"
"Cotopaxi","Latacunga","Belisario Quevedo",7301,192,"Row169"
"Cotopaxi","Latacunga","Guaytacama",15158,569,"Row170"
"Cotopaxi","Latacunga","Joseguango Bajo",2469,134,"Row171"
"Cotopaxi","Latacunga","Mulalo",9101,18,"Row172"
"Cotopaxi","Latacunga","Once De Noviembre",3233,311,"Row173"
"Cotopaxi","Latacunga","Poalo",4960,65,"Row174"
"Cotopaxi","Latacunga","San Juan De Pastocalle",14884,107,"Row175"
"Cotopaxi","Latacunga","Tanicuchi",15509,291,"Row176"
"Cotopaxi","Latacunga","Toacaso",11037,52,"Row177"
"Cotopaxi","La Mana","La Mana",47967,208,"Row178"
"Cotopaxi","La Mana","Guasaganda",3866,16,"Row179"
"Cotopaxi","La Mana","Pucayacu",1960,11,"Row180"
"Cotopaxi","Pangua","El Corazon",5529,34,"Row181"
"Cotopaxi","Pangua","Moraspungo",13884,34,"Row182"
"Cotopaxi","Pangua","Pinllopata",692,21,"Row183"
"Cotopaxi","Pangua","Ramon Campana",1762,15,"Row184"
"Cotopaxi","Pujili","Pujili",42614,144,"Row185"
"Cotopaxi","Pujili","Angamarca",3802,13,"Row186"
"Cotopaxi","Pujili","Guangaje",4113,33,"Row187"
"Cotopaxi","Pujili","La Victoria",3561,191,"Row188"
"Cotopaxi","Pujili","Pilalo",1916,9,"Row189"
"Cotopaxi","Pujili","Tingo",4026,21,"Row190"
"Cotopaxi","Pujili","Zumbahua",6948,33,"Row191"
"Cotopaxi","Salcedo","San Miguel",39101,202,"Row192"
"Cotopaxi","Salcedo","Antonio Jose Holguin",3431,472,"Row193"
"Cotopaxi","Salcedo","Cusubamba",5949,37,"Row194"
"Cotopaxi","Salcedo","Mulalillo",7254,176,"Row195"
"Cotopaxi","Salcedo","Mulliquindil",7632,159,"Row196"
"Cotopaxi","Salcedo","Pansaleo",4126,251,"Row197"
"Cotopaxi","Saquisili","Saquisili",16163,391,"Row198"
"Cotopaxi","Saquisili","Canchagua",3510,138,"Row199"
"Cotopaxi","Saquisili","Chantilin",2129,452,"Row200"
"Cotopaxi","Saquisili","Cochapamba",2554,30,"Row201"
"Cotopaxi","Sigchos","Sigchos",7560,10,"Row202"
"Cotopaxi","Sigchos","Chugchillan",6075,24,"Row203"
"Cotopaxi","Sigchos","Isinlivi",1945,23,"Row204"
"Cotopaxi","Sigchos","Las Pampas",1850,14,"Row205"
"Cotopaxi","Sigchos","Palo Quemado",1030,9,"Row206"
"Chimborazo","Riobamba","Riobamba",188891,3049,"Row207"
"Chimborazo","Riobamba","Cacha",2362,83,"Row208"
"Chimborazo","Riobamba","Calpi",6223,120,"Row209"
"Chimborazo","Riobamba","Cubijies",3264,252,"Row210"
"Chimborazo","Riobamba","Flores",2733,61,"Row211"
"Chimborazo","Riobamba","Lican",11726,558,"Row212"
"Chimborazo","Riobamba","Licto",6778,113,"Row213"
"Chimborazo","Riobamba","Pungala",3925,14,"Row214"
"Chimborazo","Riobamba","Punin",4682,91,"Row215"
"Chimborazo","Riobamba","Quimiag",4479,33,"Row216"
"Chimborazo","Riobamba","San Juan",6309,29,"Row217"
"Chimborazo","Riobamba","San Luis",19510,653,"Row218"
"Chimborazo","Alausi","Alausi",10303,194,"Row219"
"Chimborazo","Alausi","Achupallas",8117,14,"Row220"
"Chimborazo","Alausi","Guasuntos",1820,39,"Row221"
"Chimborazo","Alausi","Huigra",1748,13,"Row222"
"Chimborazo","Alausi","Multitud",1867,18,"Row223"
"Chimborazo","Alausi","Pistishi",257,23,"Row224"
"Chimborazo","Alausi","Pumallacta",588,28,"Row225"
"Chimborazo","Alausi","Sevilla",630,30,"Row226"
"Chimborazo","Alausi","Sibambe",3412,24,"Row227"
"Chimborazo","Alausi","Tixan",8533,47,"Row228"
"Chimborazo","Colta","Villa La Union",14392,65,"Row229"
"Chimborazo","Colta","Cani",711,6,"Row230"
"Chimborazo","Colta","Columbe",9132,55,"Row231"
"Chimborazo","Colta","Juan De Velasco",3045,11,"Row232"
"Chimborazo","Colta","Santiago De Quito",3188,57,"Row233"
"Chimborazo","Chambo","Chambo",13431,81,"Row234"
"Chimborazo","Chunchi","Chunchi",6828,54,"Row235"
"Chimborazo","Chunchi","Capzol",684,27,"Row236"
"Chimborazo","Chunchi","Compud",724,25,"Row237"
"Chimborazo","Chunchi","Gonzol",1083,43,"Row238"
"Chimborazo","Chunchi","Llagos",1316,20,"Row239"
"Chimborazo","Guamote","Guamote",19382,50,"Row240"
"Chimborazo","Guamote","Cebadas",6414,11,"Row241"
"Chimborazo","Guamote","Palmira",9973,41,"Row242"
"Chimborazo","Guano","Guano",22764,243,"Row243"
"Chimborazo","Guano","Guanando",224,15,"Row244"
"Chimborazo","Guano","Ilapo",1156,35,"Row245"
"Chimborazo","Guano","La Providencia",659,65,"Row246"
"Chimborazo","Guano","San Andres",13154,80,"Row247"
"Chimborazo","Guano","San Gerardo",3281,461,"Row248"
"Chimborazo","Guano","San Isidro De Patulu",4472,58,"Row249"
"Chimborazo","Guano","San Jose Del Chazo",872,60,"Row250"
"Chimborazo","Guano","Santa Fe De Galan",1471,50,"Row251"
"Chimborazo","Guano","Valparaiso",274,13,"Row252"
"Chimborazo","Pallatanga","Pallatanga",11796,31,"Row253"
"Chimborazo","Penipe","Penipe",2400,76,"Row254"
"Chimborazo","Penipe","El Altar",1294,17,"Row255"
"Chimborazo","Penipe","Matus",786,11,"Row256"
"Chimborazo","Penipe","Puela",533,7,"Row257"
"Chimborazo","Penipe","San Antonio De Bayushig",1097,283,"Row258"
"Chimborazo","Penipe","La Candelaria",389,4,"Row259"
"Chimborazo","Penipe","Bilbao",249,10,"Row260"
"Chimborazo","Cumanda","Cumanda",16602,104,"Row261"
"El Oro","Machala","Machala",301771,1228,"Row262"
"El Oro","Machala","El Retiro",4538,36,"Row263"
"El Oro","Arenillas","Arenillas",23919,92,"Row264"
"El Oro","Arenillas","Chacras",1926,20,"Row265"
"El Oro","Arenillas","Palmales",3385,16,"Row266"
"El Oro","Arenillas","Carcabon",883,11,"Row267"
"El Oro","Arenillas","La Cuca",2253,16,"Row268"
"El Oro","Atahualpa","Paccha",2509,51,"Row269"
"El Oro","Atahualpa","Ayapamba",1413,14,"Row270"
"El Oro","Atahualpa","Cordoncillo",985,32,"Row271"
"El Oro","Atahualpa","Milagro",435,154,"Row272"
"El Oro","Atahualpa","San Jose",468,192,"Row273"
"El Oro","Atahualpa","San Juan De Cerro Azul",302,3,"Row274"
"El Oro","Balsas","Balsas",6289,112,"Row275"
"El Oro","Balsas","Bellamaria",1586,124,"Row276"
"El Oro","Chilla","Chilla",2251,7,"Row277"
"El Oro","El Guabo","El Guabo",35467,150,"Row278"
"El Oro","El Guabo","Barbones",7364,107,"Row279"
"El Oro","El Guabo","La Iberia",4433,320,"Row280"
"El Oro","El Guabo","Tendales",5388,51,"Row281"
"El Oro","El Guabo","Rio Bonito",6884,44,"Row282"
"El Oro","Huaquillas","Huaquillas",56303,571,"Row283"
"El Oro","Marcabeli","Marcabeli",6614,51,"Row284"
"El Oro","Marcabeli","El Ingenio",256,14,"Row285"
"El Oro","Pasaje","Pasaje",60966,465,"Row286"
"El Oro","Pasaje","Buenavista",7744,188,"Row287"
"El Oro","Pasaje","Casacay",2887,47,"Row288"
"El Oro","Pasaje","La Peana",4025,248,"Row289"
"El Oro","Pasaje","Progreso",4906,33,"Row290"
"El Oro","Pasaje","Uzhcurrumi",904,30,"Row291"
"El Oro","Pasaje","Canaquemada",2165,80,"Row292"
"El Oro","Pinas","Pinas",20479,171,"Row293"
"El Oro","Pinas","Capiro",1820,13,"Row294"
"El Oro","Pinas","La Bocana",1357,22,"Row295"
"El Oro","Pinas","Moromoro",1264,15,"Row296"
"El Oro","Pinas","Piedras",517,13,"Row297"
"El Oro","Pinas","San Roque",1194,25,"Row298"
"El Oro","Pinas","Saracay",2775,24,"Row299"
"El Oro","Portovelo","Portovelo",11389,312,"Row300"
"El Oro","Portovelo","Curtincapa",538,31,"Row301"
"El Oro","Portovelo","Morales",692,9,"Row302"
"El Oro","Portovelo","Salati",937,6,"Row303"
"El Oro","Santa Rosa","Santa Rosa",61493,434,"Row304"
"El Oro","Santa Rosa","Bellavista",5047,97,"Row305"
"El Oro","Santa Rosa","Jambeli",1246,4,"Row306"
"El Oro","Santa Rosa","La Avanzada",2435,37,"Row307"
"El Oro","Santa Rosa","San Antonio",1446,64,"Row308"
"El Oro","Santa Rosa","Torata",2174,33,"Row309"
"El Oro","Santa Rosa","Victoria",3726,33,"Row310"
"El Oro","Santa Rosa","Bellamaria",2732,25,"Row311"
"El Oro","Zaruma","Zaruma",11592,678,"Row312"
"El Oro","Zaruma","Abanin",1333,18,"Row313"
"El Oro","Zaruma","Arcapamba",970,68,"Row314"
"El Oro","Zaruma","Guanazan",2195,12,"Row315"
"El Oro","Zaruma","Guizhaguina",1832,12,"Row316"
"El Oro","Zaruma","Huertas",2310,49,"Row317"
"El Oro","Zaruma","Malvas",963,94,"Row318"
"El Oro","Zaruma","Muluncay Grande",817,111,"Row319"
"El Oro","Zaruma","Sinsao",1594,35,"Row320"
"El Oro","Zaruma","Salvias",768,8,"Row321"
"El Oro","Las Lajas","La Victoria",3287,30,"Row322"
"El Oro","Las Lajas","La Libertad",871,10,"Row323"
"El Oro","Las Lajas","El Paraiso",880,11,"Row324"
"El Oro","Las Lajas","San Isidro",700,24,"Row325"
"Esmeraldas","Esmeraldas","Esmeraldas",170529,2422,"Row326"
"Esmeraldas","Esmeraldas","Camarones",3949,24,"Row327"
"Esmeraldas","Esmeraldas","Coronel Carlos Concha Torres",2760,10,"Row328"
"Esmeraldas","Esmeraldas","Chinca",5109,23,"Row329"
"Esmeraldas","Esmeraldas","Majua",3368,27,"Row330"
"Esmeraldas","Esmeraldas","San Mateo",7975,44,"Row331"
"Esmeraldas","Esmeraldas","Tabiazo",2789,20,"Row332"
"Esmeraldas","Esmeraldas","Tachina",6439,88,"Row333"
"Esmeraldas","Esmeraldas","Vuelta Larga",8930,115,"Row334"
"Esmeraldas","Eloy Alfaro","Valdez",5848,60,"Row335"
"Esmeraldas","Eloy Alfaro","Anchayacu",3075,14,"Row336"
"Esmeraldas","Eloy Alfaro","Atahualpa",1388,6,"Row337"
"Esmeraldas","Eloy Alfaro","Borbon",9079,45,"Row338"
"Esmeraldas","Eloy Alfaro","La Tola",2949,17,"Row339"
"Esmeraldas","Eloy Alfaro","Luis Vargas Torres",535,1,"Row340"
"Esmeraldas","Eloy Alfaro","Maldonado",2100,36,"Row341"
"Esmeraldas","Eloy Alfaro","Pampanal De Bolivar",1363,12,"Row342"
"Esmeraldas","Eloy Alfaro","San Francisco De Onzole",1838,10,"Row343"
"Esmeraldas","Eloy Alfaro","Santo Domingo De Onzole",3577,5,"Row344"
"Esmeraldas","Eloy Alfaro","Selva Alegre",1466,30,"Row345"
"Esmeraldas","Eloy Alfaro","Telembi",6316,4,"Row346"
"Esmeraldas","Eloy Alfaro","Colon Eloy Del Maria",2200,31,"Row347"
"Esmeraldas","Eloy Alfaro","San Jose De Cayapas",1433,12,"Row348"
"Esmeraldas","Eloy Alfaro","Timbire",1153,53,"Row349"
"Esmeraldas","Eloy Alfaro","Santa Lucia De Las Penas",1985,24,"Row350"
"Esmeraldas","Muisne","Muisne",8788,62,"Row351"
"Esmeraldas","Muisne","Bolivar",2569,51,"Row352"
"Esmeraldas","Muisne","Daule",2842,26,"Row353"
"Esmeraldas","Muisne","Galera",1659,25,"Row354"
"Esmeraldas","Muisne","Quingue",533,19,"Row355"
"Esmeraldas","Muisne","Salima",1439,27,"Row356"
"Esmeraldas","Muisne","San Francisco",5023,26,"Row357"
"Esmeraldas","Muisne","San Gregorio",7864,17,"Row358"
"Esmeraldas","Muisne","San Jose De Chamanga",5709,37,"Row359"
"Esmeraldas","Quininde","Rosa Zarate",55722,55,"Row360"
"Esmeraldas","Quininde","Cube",7872,12,"Row361"
"Esmeraldas","Quininde","Chura",3241,18,"Row362"
"Esmeraldas","Quininde","Malimpia",19870,20,"Row363"
"Esmeraldas","Quininde","Viche",5975,62,"Row364"
"Esmeraldas","Quininde","La Union",34161,52,"Row365"
"Esmeraldas","San Lorenzo","San Lorenzo",32591,131,"Row366"
"Esmeraldas","San Lorenzo","Alto Tambo",1867,2,"Row367"
"Esmeraldas","San Lorenzo","Ancon",1415,24,"Row368"
"Esmeraldas","San Lorenzo","Calderon",1176,37,"Row369"
"Esmeraldas","San Lorenzo","Carondelet",1117,16,"Row370"
"Esmeraldas","San Lorenzo","5 De Junio",247,1,"Row371"
"Esmeraldas","San Lorenzo","Concepcion",1980,9,"Row372"
"Esmeraldas","San Lorenzo","Mataje",1053,3,"Row373"
"Esmeraldas","San Lorenzo","San Javier De Cachavi",786,17,"Row374"
"Esmeraldas","San Lorenzo","Santa Rita",1638,20,"Row375"
"Esmeraldas","San Lorenzo","Tambillo",1369,6,"Row376"
"Esmeraldas","San Lorenzo","Tululbi",2641,8,"Row377"
"Esmeraldas","San Lorenzo","Urbina",511,5,"Row378"
"Esmeraldas","Atacames","Atacames",21868,210,"Row379"
"Esmeraldas","Atacames","La Union",3358,29,"Row380"
"Esmeraldas","Atacames","Sua",4412,61,"Row381"
"Esmeraldas","Atacames","Tonchigue",8300,60,"Row382"
"Esmeraldas","Atacames","Tonsupa",13266,160,"Row383"
"Esmeraldas","Rioverde","Rioverde",7124,97,"Row384"
"Esmeraldas","Rioverde","Chontaduro",4156,19,"Row385"
"Esmeraldas","Rioverde","Chumunde",4508,8,"Row386"
"Esmeraldas","Rioverde","Lagarto",5670,27,"Row387"
"Esmeraldas","Rioverde","Montalvo",5254,17,"Row388"
"Esmeraldas","Rioverde","Rocafuerte",6173,40,"Row389"
"Guayas","Guayaquil","Guayaquil",2665392,1507,"Row390"
"Guayas","Guayaquil","Juan Gomez Rendon",13483,44,"Row391"
"Guayas","Guayaquil","Morro",6502,20,"Row392"
"Guayas","Guayaquil","Posorja",33709,458,"Row393"
"Guayas","Guayaquil","Puna",15275,8,"Row394"
"Guayas","Guayaquil","Tenguel",12042,85,"Row395"
"Guayas","Alfredo Baquerizo Moreno (jujan)","Alfredo Baquerizo Moreno (jujan)",25526,112,"Row396"
"Guayas","Balao","Balao",25655,58,"Row397"
"Guayas","Balzar","Balzar",57829,49,"Row398"
"Guayas","Colimes","Colimes",20339,37,"Row399"
"Guayas","Colimes","San Jacinto",5912,28,"Row400"
"Guayas","Daule","Daule",183399,801,"Row401"
"Guayas","Daule","Juan Bautista Aguirre",9380,126,"Row402"
"Guayas","Daule","Laurel",10558,284,"Row403"
"Guayas","Daule","Limonal",9414,194,"Row404"
"Guayas","Daule","Los Lojas",9695,80,"Row405"
"Guayas","Duran","Eloy Alfaro",303910,889,"Row406"
"Guayas","El Empalme","Velasco Ibarra",50951,344,"Row407"
"Guayas","El Empalme","Guayas",18735,52,"Row408"
"Guayas","El Empalme","El Rosario",10081,73,"Row409"
"Guayas","El Triunfo","El Triunfo",60541,108,"Row410"
"Guayas","Milagro","Milagro",173407,776,"Row411"
"Guayas","Milagro","Chobo",3761,96,"Row412"
"Guayas","Milagro","Mariscal Sucre",6072,110,"Row413"
"Guayas","Milagro","Roberto Astudillo",12703,156,"Row414"
"Guayas","Naranjal","Naranjal",52002,86,"Row415"
"Guayas","Naranjal","Jesus Maria",6622,62,"Row416"
"Guayas","Naranjal","San Carlos",9404,91,"Row417"
"Guayas","Naranjal","Santa Rosa De Flandes",6196,47,"Row418"
"Guayas","Naranjal","Taura",9467,12,"Row419"
"Guayas","Naranjito","Naranjito",44169,191,"Row420"
"Guayas","Palestina","Palestina",18019,97,"Row421"
"Guayas","Pedro Carbo","Pedro Carbo",38405,74,"Row422"
"Guayas","Pedro Carbo","Valle De La Virgen",5751,57,"Row423"
"Guayas","Pedro Carbo","Sabanilla",8021,25,"Row424"
"Guayas","Samborondon","Samborondon",81854,327,"Row425"
"Guayas","Samborondon","Tarifa",16686,179,"Row426"
"Guayas","Santa Lucia","Santa Lucia",43700,120,"Row427"
"Guayas","Salitre","El Salitre",30549,231,"Row428"
"Guayas","Salitre","General Vernaza",10522,124,"Row429"
"Guayas","Salitre","La Victoria",7309,90,"Row430"
"Guayas","Salitre","Junquillal",12680,134,"Row431"
"Guayas","San Jacinto De Yaguachi","San Jacinto De Yaguachi",32914,119,"Row432"
"Guayas","San Jacinto De Yaguachi","General Pedro J. Montero",8461,90,"Row433"
"Guayas","San Jacinto De Yaguachi","Yaguachi Viejo",13140,122,"Row434"
"Guayas","San Jacinto De Yaguachi","Virgen De Fatima",18184,351,"Row435"
"Guayas","Playas","General Villamil",58768,218,"Row436"
"Guayas","Simon Bolivar","Simon Bolivar",16448,124,"Row437"
"Guayas","Simon Bolivar","Coronel Lorenzo De Garaycoa",12979,82,"Row438"
"Guayas","Coronel Marcelino Mariduena","Coronel Marcelino Mariduena",13183,52,"Row439"
"Guayas","Lomas De Sargentillo","Lomas De Sargentillo",22254,310,"Row440"
"Guayas","Nobol","Narcisa De Jesus",23850,177,"Row441"
"Guayas","General Antonio Elizalde","General Antonio Elizalde",11810,83,"Row442"
"Guayas","Isidro Ayora","Isidro Ayora",14305,29,"Row443"
"Imbabura","Ibarra","San Miguel De Ibarra",168068,691,"Row444"
"Imbabura","Ibarra","Ambuqui",6143,49,"Row445"
"Imbabura","Ibarra","Angochagua",3561,30,"Row446"
"Imbabura","Ibarra","Carolina",3258,12,"Row447"
"Imbabura","Ibarra","La Esperanza",8681,248,"Row448"
"Imbabura","Ibarra","Lita",3964,17,"Row449"
"Imbabura","Ibarra","Salinas",2374,31,"Row450"
"Imbabura","Ibarra","San Antonio",21420,738,"Row451"
"Imbabura","Antonio Ante","Atuntaqui",28099,1253,"Row452"
"Imbabura","Antonio Ante","Imbaya",1610,139,"Row453"
"Imbabura","Antonio Ante","San Francisco De Natabuela",7974,752,"Row454"
"Imbabura","Antonio Ante","San Jose De Chaltura",3862,227,"Row455"
"Imbabura","Antonio Ante","San Roque",12226,668,"Row456"
"Imbabura","Cotacachi","Cotacachi",21414,325,"Row457"
"Imbabura","Cotacachi","Apuela",1936,10,"Row458"
"Imbabura","Cotacachi","Garcia Moreno",11566,13,"Row459"
"Imbabura","Cotacachi","Imantag",5476,24,"Row460"
"Imbabura","Cotacachi","Penaherrera",1780,15,"Row461"
"Imbabura","Cotacachi","Plaza Gutierrez",328,4,"Row462"
"Imbabura","Cotacachi","Quiroga",8245,181,"Row463"
"Imbabura","Cotacachi","Seis De Julio De Cuellaje",1664,9,"Row464"
"Imbabura","Cotacachi","Vacas Galindo",592,11,"Row465"
"Imbabura","Otavalo","Otavalo",55534,700,"Row466"
"Imbabura","Otavalo","Dr. Miguel Egas Cabezas",6914,682,"Row467"
"Imbabura","Otavalo","Eugenio Espejo",8812,315,"Row468"
"Imbabura","Otavalo","Gonzalez Suarez",7434,148,"Row469"
"Imbabura","Otavalo","Pataqui",221,22,"Row470"
"Imbabura","Otavalo","San Jose De Quichinche",8458,51,"Row471"
"Imbabura","Otavalo","San Juan De Iluman",9299,454,"Row472"
"Imbabura","Otavalo","San Pablo",11146,175,"Row473"
"Imbabura","Otavalo","San Rafael",5184,290,"Row474"
"Imbabura","Otavalo","Selva Alegre",1301,15,"Row475"
"Imbabura","Pimampiro","Pimampiro",10076,109,"Row476"
"Imbabura","Pimampiro","Chuga",1020,21,"Row477"
"Imbabura","Pimampiro","Mariano Acosta",1294,10,"Row478"
"Imbabura","Pimampiro","San Francisco De Sigsipamba",976,6,"Row479"
"Imbabura","San Miguel De Urcuqui","Urcuqui",6551,109,"Row480"
"Imbabura","San Miguel De Urcuqui","Cahuasqui",1871,15,"Row481"
"Imbabura","San Miguel De Urcuqui","La Merced De Buenos Aires",2004,5,"Row482"
"Imbabura","San Miguel De Urcuqui","Pablo Arenas",2339,43,"Row483"
"Imbabura","San Miguel De Urcuqui","San Blas",3524,48,"Row484"
"Imbabura","San Miguel De Urcuqui","Tumbabiro",1680,45,"Row485"
"Loja","Loja","Loja",214296,752,"Row486"
"Loja","Loja","Chantaco",1025,43,"Row487"
"Loja","Loja","Chuquiribamba",2114,29,"Row488"
"Loja","Loja","El Cisne",1639,15,"Row489"
"Loja","Loja","Gualel",2082,21,"Row490"
"Loja","Loja","Jimbilla",1010,10,"Row491"
"Loja","Loja","Malacatos",8669,42,"Row492"
"Loja","Loja","San Lucas",4686,30,"Row493"
"Loja","Loja","San Pedro De Vilcabamba",1305,19,"Row494"
"Loja","Loja","Santiago",1051,10,"Row495"
"Loja","Loja","Taquil",3720,40,"Row496"
"Loja","Loja","Vilcabamba",5516,35,"Row497"
"Loja","Loja","Yangana",1413,5,"Row498"
"Loja","Loja","Quinara",1502,10,"Row499"
"Loja","Calvas","Cariamanga",19551,56,"Row500"
"Loja","Calvas","Colaisaca",1430,7,"Row501"
"Loja","Calvas","El Lucero",2658,28,"Row502"
"Loja","Calvas","Utuana",1016,9,"Row503"
"Loja","Calvas","Sanguillin",1387,14,"Row504"
"Loja","Catamayo","Catamayo",28127,191,"Row505"
"Loja","Catamayo","El Tambo",4439,22,"Row506"
"Loja","Catamayo","Guayquichuma",293,3,"Row507"
"Loja","Catamayo","San Pedro De La Bendita",1924,13,"Row508"
"Loja","Catamayo","Zambi",457,9,"Row509"
"Loja","Celica","Celica",6685,28,"Row510"
"Loja","Celica","Cruzpamba",1165,43,"Row511"
"Loja","Celica","Pozul",3273,40,"Row512"
"Loja","Celica","Sabanilla",2552,18,"Row513"
"Loja","Celica","Teniente Maximiliano Rodriguez Loaiza",704,20,"Row514"
"Loja","Chaguarpamba","Chaguarpamba",3466,34,"Row515"
"Loja","Chaguarpamba","Buenavista",1193,27,"Row516"
"Loja","Chaguarpamba","El Rosario",382,4,"Row517"
"Loja","Chaguarpamba","Santa Rufina",1211,22,"Row518"
"Loja","Chaguarpamba","Amarillos",605,28,"Row519"
"Loja","Espindola","Amaluza",4142,34,"Row520"
"Loja","Espindola","Bellavista",2163,28,"Row521"
"Loja","Espindola","Jimbura",2050,21,"Row522"
"Loja","Espindola","Santa Teresita",1450,19,"Row523"
"Loja","Espindola","27 De Abril",1865,45,"Row524"
"Loja","Espindola","El Ingenio",1647,23,"Row525"
"Loja","Espindola","El Airo",802,29,"Row526"
"Loja","Gonzanama","Gonzanama",2883,40,"Row527"
"Loja","Gonzanama","Changaimina",2402,23,"Row528"
"Loja","Gonzanama","Nambacola",4257,14,"Row529"
"Loja","Gonzanama","Purunuma",986,10,"Row530"
"Loja","Gonzanama","Sacapalca",1719,15,"Row531"
"Loja","Macara","Macara",15235,41,"Row532"
"Loja","Macara","Larama",985,11,"Row533"
"Loja","Macara","La Victoria",1361,20,"Row534"
"Loja","Macara","Sabiango",634,14,"Row535"
"Loja","Paltas","Catacocha",12129,27,"Row536"
"Loja","Paltas","Cangonama",991,21,"Row537"
"Loja","Paltas","Guachanama",2406,9,"Row538"
"Loja","Paltas","Lauro Guerrero",1680,17,"Row539"
"Loja","Paltas","Orianga",1586,9,"Row540"
"Loja","Paltas","San Antonio",1077,31,"Row541"
"Loja","Paltas","Casanga",1735,33,"Row542"
"Loja","Paltas","Yamana",1237,56,"Row543"
"Loja","Puyango","Alamor",8987,37,"Row544"
"Loja","Puyango","Ciano",1335,17,"Row545"
"Loja","Puyango","El Arenal",1157,42,"Row546"
"Loja","Puyango","El Limo",2423,12,"Row547"
"Loja","Puyango","Mercadillo",1308,47,"Row548"
"Loja","Puyango","Vicentino",1047,19,"Row549"
"Loja","Saraguro","Saraguro",9679,128,"Row550"
"Loja","Saraguro","El Paraiso De Celen",2244,41,"Row551"
"Loja","Saraguro","El Tablon",972,10,"Row552"
"Loja","Saraguro","Lluzhapa",1558,21,"Row553"
"Loja","Saraguro","Manu",2142,12,"Row554"
"Loja","Saraguro","San Antonio De Qumbe",1110,14,"Row555"
"Loja","Saraguro","San Pablo De Tenta",3290,21,"Row556"
"Loja","Saraguro","San Sebastian De Yuluc",958,8,"Row557"
"Loja","Saraguro","Selva Alegre",1553,34,"Row558"
"Loja","Saraguro","Urdaneta",4091,34,"Row559"
"Loja","Saraguro","Sumaypamba",1514,17,"Row560"
"Loja","Sozoranga","Sozoranga",3671,12,"Row561"
"Loja","Sozoranga","Nueva Fatima",816,16,"Row562"
"Loja","Sozoranga","Tacamoros",2483,32,"Row563"
"Loja","Zapotillo","Zapotillo",5851,30,"Row564"
"Loja","Zapotillo","Mangahurco",868,5,"Row565"
"Loja","Zapotillo","Garzareal",1913,10,"Row566"
"Loja","Zapotillo","Limones",1685,7,"Row567"
"Loja","Zapotillo","Paletillas",2574,15,"Row568"
"Loja","Zapotillo","Bolaspamba",1207,9,"Row569"
"Loja","Zapotillo","Cazaderos",473,4,"Row570"
"Loja","Pindal","Pindal",4393,89,"Row571"
"Loja","Pindal","Chaquinal",995,58,"Row572"
"Loja","Pindal","12 De Diciembre",2060,48,"Row573"
"Loja","Pindal","Milagros",2961,32,"Row574"
"Loja","Quilanga","Quilanga",2559,28,"Row575"
"Loja","Quilanga","Fundochamba",293,8,"Row576"
"Loja","Quilanga","San Antonio De Las Aradas",1119,10,"Row577"
"Loja","Olmedo","Olmedo",3702,60,"Row578"
"Loja","Olmedo","La Tingue",462,9,"Row579"
"Los Rios","Babahoyo","Babahoyo",112033,662,"Row580"
"Los Rios","Babahoyo","Caracol",5226,57,"Row581"
"Los Rios","Babahoyo","Febres Cordero",19012,55,"Row582"
"Los Rios","Babahoyo","Pimocha",28145,101,"Row583"
"Los Rios","Babahoyo","La Union",14093,75,"Row584"
"Los Rios","Baba","Baba",21574,126,"Row585"
"Los Rios","Baba","Guare",13581,58,"Row586"
"Los Rios","Baba","Isla De Bejucal",10141,91,"Row587"
"Los Rios","Montalvo","Montalvo",25875,87,"Row588"
"Los Rios","Montalvo","La Esmeralda",2479,44,"Row589"
"Los Rios","Puebloviejo","Puebloviejo",14972,100,"Row590"
"Los Rios","Puebloviejo","Puerto Pechiche",5221,64,"Row591"
"Los Rios","Puebloviejo","San Juan",20768,203,"Row592"
"Los Rios","Quevedo","Quevedo",187103,732,"Row593"
"Los Rios","Quevedo","San Carlos",12037,144,"Row594"
"Los Rios","Quevedo","La Esperanza",6868,174,"Row595"
"Los Rios","Urdaneta","Catarama",9680,193,"Row596"
"Los Rios","Urdaneta","Ricaurte",23471,70,"Row597"
"Los Rios","Ventanas","Ventanas",49009,320,"Row598"
"Los Rios","Ventanas","Zapotal",18368,75,"Row599"
"Los Rios","Ventanas","Chacarita",3101,51,"Row600"
"Los Rios","Ventanas","Los Angeles",2733,52,"Row601"
"Los Rios","Vinces","Vinces",63527,111,"Row602"
"Los Rios","Vinces","Antonio Sotomayor",17382,126,"Row603"
"Los Rios","Palenque","Palenque",24838,44,"Row604"
"Los Rios","Buena Fe","San Jacinto De Buena Fe",59559,144,"Row605"
"Los Rios","Buena Fe","Patricia Pilar",14851,89,"Row606"
"Los Rios","Valencia","Valencia",51509,53,"Row607"
"Los Rios","Mocache","Mocache",42026,74,"Row608"
"Los Rios","Quinsaloma","Quinsaloma",19470,67,"Row609"
"Manabi","Portoviejo","Portoviejo",252248,608,"Row610"
"Manabi","Portoviejo","Abdon Calderon",16848,139,"Row611"
"Manabi","Portoviejo","Alhajuela",4714,152,"Row612"
"Manabi","Portoviejo","Crucita",16997,274,"Row613"
"Manabi","Portoviejo","Pueblo Nuevo",4181,113,"Row614"
"Manabi","Portoviejo","Riochico",17040,187,"Row615"
"Manabi","Portoviejo","San Placido",8180,59,"Row616"
"Manabi","Portoviejo","Chirijos",2717,45,"Row617"
"Manabi","Bolivar","Calceta",34702,114,"Row618"
"Manabi","Bolivar","Membrillo",3573,29,"Row619"
"Manabi","Bolivar","Quiroga",3552,36,"Row620"
"Manabi","Chone","Chone",76247,95,"Row621"
"Manabi","Chone","Boyaca",4447,19,"Row622"
"Manabi","Chone","Canuto",11134,54,"Row623"
"Manabi","Chone","Convento",6369,21,"Row624"
"Manabi","Chone","Chibunga",6083,11,"Row625"
"Manabi","Chone","Eloy Alfaro",6566,20,"Row626"
"Manabi","Chone","Ricaurte",7838,20,"Row627"
"Manabi","Chone","San Antonio",9482,45,"Row628"
"Manabi","El Carmen","El Carmen",84141,111,"Row629"
"Manabi","El Carmen","Wilfrido Loor Moreira",3911,13,"Row630"
"Manabi","El Carmen","San Pedro De Suma",7252,38,"Row631"
"Manabi","El Carmen","Santa Maria",13668,40,"Row632"
"Manabi","El Carmen","El Paraiso La 14",11964,71,"Row633"
"Manabi","Flavio Alfaro","Flavio Alfaro",20177,20,"Row634"
"Manabi","Flavio Alfaro","San Francisco De Novillo",2707,10,"Row635"
"Manabi","Flavio Alfaro","Zapallo",3531,35,"Row636"
"Manabi","Jipijapa","Jipijapa",54639,142,"Row637"
"Manabi","Jipijapa","America",3418,38,"Row638"
"Manabi","Jipijapa","El Anegado",7020,60,"Row639"
"Manabi","Jipijapa","Julcuy",1816,6,"Row640"
"Manabi","Jipijapa","La Union",1747,37,"Row641"
"Manabi","Jipijapa","Membrillal",955,12,"Row642"
"Manabi","Jipijapa","Pedro Pablo Gomez",4067,15,"Row643"
"Manabi","Jipijapa","Puerto Cayo",4455,24,"Row644"
"Manabi","Junin","Junin",22324,84,"Row645"
"Manabi","Manta","Manta",261871,2903,"Row646"
"Manabi","Manta","San Lorenzo",5444,34,"Row647"
"Manabi","Manta","Santa Marianita",3830,101,"Row648"
"Manabi","Montecristi","Montecristi",96858,162,"Row649"
"Manabi","Montecristi","La Pila",3079,29,"Row650"
"Manabi","Pajan","Pajan",14312,101,"Row651"
"Manabi","Pajan","Campozano",8736,37,"Row652"
"Manabi","Pajan","Cascol",8764,19,"Row653"
"Manabi","Pajan","Guale",4727,42,"Row654"
"Manabi","Pajan","Lascano",5340,38,"Row655"
"Manabi","Pichincha","Pichincha",17293,35,"Row656"
"Manabi","Pichincha","Barraganete",8300,19,"Row657"
"Manabi","Pichincha","San Sebastian",4787,33,"Row658"
"Manabi","Rocafuerte","Rocafuerte",42688,153,"Row659"
"Manabi","Santa Ana","Santa Ana De Vuelta Larga",24506,84,"Row660"
"Manabi","Santa Ana","Ayacucho",7934,76,"Row661"
"Manabi","Santa Ana","Honorato Vasquez",5813,36,"Row662"
"Manabi","Santa Ana","La Union",7200,30,"Row663"
"Manabi","Santa Ana","San Pablo",6009,27,"Row664"
"Manabi","Sucre","Bahia De Caraquez",27284,162,"Row665"
"Manabi","Sucre","Charapoto",23361,94,"Row666"
"Manabi","Sucre","San Isidro",12196,44,"Row667"
"Manabi","Tosagua","Tosagua",31309,126,"Row668"
"Manabi","Tosagua","Bachillero",4438,76,"Row669"
"Manabi","Tosagua","Angel Pedro Giler",7106,95,"Row670"
"Manabi","24 De Mayo","Sucre",15645,77,"Row671"
"Manabi","24 De Mayo","Bellavista",5693,48,"Row672"
"Manabi","24 De Mayo","Noboa",7063,47,"Row673"
"Manabi","24 De Mayo","Arquitecto Sixto Duran Ballen",3072,41,"Row674"
"Manabi","Pedernales","Pedernales",43049,62,"Row675"
"Manabi","Pedernales","Cojimies",18664,21,"Row676"
"Manabi","Pedernales","Diez De Agosto",6140,27,"Row677"
"Manabi","Pedernales","Atahualpa",2555,15,"Row678"
"Manabi","Olmedo","Olmedo",10090,39,"Row679"
"Manabi","Puerto Lopez","Puerto Lopez",13489,66,"Row680"
"Manabi","Puerto Lopez","Machalilla",6303,46,"Row681"
"Manabi","Puerto Lopez","Salango",5838,67,"Row682"
"Manabi","Jama","Jama",16588,29,"Row683"
"Manabi","Jaramijo","Jaramijo",29759,308,"Row684"
"Manabi","San Vicente","San Vicente",16880,50,"Row685"
"Manabi","San Vicente","Canoa",8117,21,"Row686"
"Morona Santiago","Morona","Macas",22621,459,"Row687"
"Morona Santiago","Morona","Alshi",399,1,"Row688"
"Morona Santiago","Morona","General Proano",4929,67,"Row689"
"Morona Santiago","Morona","San Isidro",1221,9,"Row690"
"Morona Santiago","Morona","Sevilla Don Bosco",18647,8,"Row691"
"Morona Santiago","Morona","Sinai",1034,3,"Row692"
"Morona Santiago","Morona","Zuna",223,0,"Row693"
"Morona Santiago","Morona","Cuchaentza",2813,8,"Row694"
"Morona Santiago","Morona","Rio Blanco",3048,14,"Row695"
"Morona Santiago","Gualaquiza","Gualaquiza",12323,34,"Row696"
"Morona Santiago","Gualaquiza","Amazonas",165,1,"Row697"
"Morona Santiago","Gualaquiza","Bermejos",209,2,"Row698"
"Morona Santiago","Gualaquiza","Bomboiza",6557,10,"Row699"
"Morona Santiago","Gualaquiza","Chiguinda",551,3,"Row700"
"Morona Santiago","Gualaquiza","El Rosario",570,4,"Row701"
"Morona Santiago","Gualaquiza","Nueva Tarqui",663,12,"Row702"
"Morona Santiago","Gualaquiza","San Miguel De Cuyes",125,0,"Row703"
"Morona Santiago","Gualaquiza","El Ideal",729,7,"Row704"
"Morona Santiago","Limon Indanza","Gral. Leonidas Plaza Gutierrez",4675,16,"Row705"
"Morona Santiago","Limon Indanza","Indanza",1091,16,"Row706"
"Morona Santiago","Limon Indanza","San Antonio",1468,2,"Row707"
"Morona Santiago","Limon Indanza","San Miguel De Conchay",424,3,"Row708"
"Morona Santiago","Limon Indanza","Santa Susana De Chiviaza",818,3,"Row709"
"Morona Santiago","Limon Indanza","Yunganza",1126,4,"Row710"
"Morona Santiago","Palora","Palora",6717,56,"Row711"
"Morona Santiago","Palora","Arapicos",974,5,"Row712"
"Morona Santiago","Palora","Cumanda",315,0,"Row713"
"Morona Santiago","Palora","Sangay",2515,12,"Row714"
"Morona Santiago","Palora","16 De Agosto",1361,15,"Row715"
"Morona Santiago","Santiago","Santiago De Mendez",3366,12,"Row716"
"Morona Santiago","Santiago","Copal",443,1,"Row717"
"Morona Santiago","Santiago","Chupianza",663,7,"Row718"
"Morona Santiago","Santiago","Patuca",1924,7,"Row719"
"Morona Santiago","Santiago","San Luis De El Acho",596,10,"Row720"
"Morona Santiago","Santiago","Tayuza",1606,17,"Row721"
"Morona Santiago","Santiago","San Francisco De Chinimbimi",1157,9,"Row722"
"Morona Santiago","Sucua","Sucua",16309,23,"Row723"
"Morona Santiago","Sucua","Asuncion",2419,12,"Row724"
"Morona Santiago","Sucua","Huambi",3398,15,"Row725"
"Morona Santiago","Sucua","Santa Marianita De Jesus",1378,24,"Row726"
"Morona Santiago","Huamboya","Huamboya",4083,22,"Row727"
"Morona Santiago","Huamboya","Chiguaza",6747,14,"Row728"
"Morona Santiago","San Juan Bosco","San Juan Bosco",2547,20,"Row729"
"Morona Santiago","San Juan Bosco","Pan De Azucar",218,1,"Row730"
"Morona Santiago","San Juan Bosco","San Carlos De Limon",911,1,"Row731"
"Morona Santiago","San Juan Bosco","San Jacinto De Wakambeis",219,5,"Row732"
"Morona Santiago","San Juan Bosco","Santiago De Pananza",477,5,"Row733"
"Morona Santiago","Taisha","Taisha",7817,6,"Row734"
"Morona Santiago","Taisha","Huasaga",2069,2,"Row735"
"Morona Santiago","Taisha","Macuma",7360,6,"Row736"
"Morona Santiago","Taisha","Tuutinentsa",5229,5,"Row737"
"Morona Santiago","Taisha","Pumpuentsa",4225,3,"Row738"
"Morona Santiago","Logrono","Logrono",2604,47,"Row739"
"Morona Santiago","Logrono","Yaupi",2206,3,"Row740"
"Morona Santiago","Logrono","Shimpis",2674,10,"Row741"
"Morona Santiago","Pablo Sexto","Pablo Sexto",2267,2,"Row742"
"Morona Santiago","Tiwintza","Santiago",5511,8,"Row743"
"Morona Santiago","Tiwintza","San Jose De Morona",3774,7,"Row744"
"Napo","Tena","Tena",39578,486,"Row745"
"Napo","Tena","Ahuano",7476,17,"Row746"
"Napo","Tena","Chontapunta",8721,9,"Row747"
"Napo","Tena","Pano",2179,3,"Row748"
"Napo","Tena","Puerto Misahualli",4868,15,"Row749"
"Napo","Tena","Puerto Napo",7152,32,"Row750"
"Napo","Tena","Talag",3528,4,"Row751"
"Napo","Tena","San Juan De Muyuna",7314,45,"Row752"
"Napo","Archidona","Archidona",15316,16,"Row753"
"Napo","Archidona","Cotundo",6879,4,"Row754"
"Napo","Archidona","San Pablo De Ushpayacu",5657,37,"Row755"
"Napo","Archidona","Hatun Sumaku",2636,7,"Row756"
"Napo","El Chaco","El Chaco",5624,98,"Row757"
"Napo","El Chaco","Gonzalo Diaz De Pineda",519,0,"Row758"
"Napo","El Chaco","Linares",174,1,"Row759"
"Napo","El Chaco","Oyacachi",697,1,"Row760"
"Napo","El Chaco","Santa Rosa",1653,5,"Row761"
"Napo","El Chaco","Sardinas",585,5,"Row762"
"Napo","Quijos","Baeza",2256,14,"Row763"
"Napo","Quijos","Cosanga",471,1,"Row764"
"Napo","Quijos","Cuyuja",504,2,"Row765"
"Napo","Quijos","Papallacta",635,2,"Row766"
"Napo","Quijos","San Francisco De Borja",2474,28,"Row767"
"Napo","Quijos","Sumaco",132,0,"Row768"
"Napo","Carlos Julio Arosemena Tola","Carlos Julio Arosemena Tola",4647,9,"Row769"
"Pastaza","Pastaza","Puyo",39473,430,"Row770"
"Pastaza","Pastaza","Canelos",2696,6,"Row771"
"Pastaza","Pastaza","Diez De Agosto",1402,15,"Row772"
"Pastaza","Pastaza","Fatima",1645,23,"Row773"
"Pastaza","Pastaza","Montalvo",4863,1,"Row774"
"Pastaza","Pastaza","Pomona",284,5,"Row775"
"Pastaza","Pastaza","Rio Corrientes",457,0,"Row776"
"Pastaza","Pastaza","Rio Tigre",1055,0,"Row777"
"Pastaza","Pastaza","Sarayacu",4072,1,"Row778"
"Pastaza","Pastaza","Simon Bolivar",7689,7,"Row779"
"Pastaza","Pastaza","Tarqui",14242,153,"Row780"
"Pastaza","Pastaza","Teniente Hugo Ortiz",1187,11,"Row781"
"Pastaza","Pastaza","Veracruz",2361,14,"Row782"
"Pastaza","Pastaza","El Triunfo",1328,6,"Row783"
"Pastaza","Mera","Mera",1909,5,"Row784"
"Pastaza","Mera","Madre Tierra",3684,27,"Row785"
"Pastaza","Mera","Shell",9494,391,"Row786"
"Pastaza","Santa Clara","Santa Clara",3642,15,"Row787"
"Pastaza","Santa Clara","San Jose",879,13,"Row788"
"Pastaza","Arajuno","Arajuno",5690,9,"Row789"
"Pastaza","Arajuno","Curaray",3863,0,"Row790"
"Pichincha","Distrito Metropolitano De Quito","Quito",1776364,4878,"Row791"
"Pichincha","Distrito Metropolitano De Quito","Alangasi",34655,1180,"Row792"
"Pichincha","Distrito Metropolitano De Quito","Amaguana",43235,767,"Row793"
"Pichincha","Distrito Metropolitano De Quito","Atahualpa",1446,21,"Row794"
"Pichincha","Distrito Metropolitano De Quito","Calacali",4964,26,"Row795"
"Pichincha","Distrito Metropolitano De Quito","Calderon",250877,3211,"Row796"
"Pichincha","Distrito Metropolitano De Quito","Conocoto",127815,2859,"Row797"
"Pichincha","Distrito Metropolitano De Quito","Cumbaya",41819,1996,"Row798"
"Pichincha","Distrito Metropolitano De Quito","Chavezpamba",579,50,"Row799"
"Pichincha","Distrito Metropolitano De Quito","Checa",11492,131,"Row800"
"Pichincha","Distrito Metropolitano De Quito","El Quinche",18485,243,"Row801"
"Pichincha","Distrito Metropolitano De Quito","Gualea",1704,14,"Row802"
"Pichincha","Distrito Metropolitano De Quito","Guangopolo",4336,426,"Row803"
"Pichincha","Distrito Metropolitano De Quito","Guayllabamba",20584,371,"Row804"
"Pichincha","Distrito Metropolitano De Quito","La Merced",11438,362,"Row805"
"Pichincha","Distrito Metropolitano De Quito","Llano Chico",15113,2002,"Row806"
"Pichincha","Distrito Metropolitano De Quito","Lloa",1959,4,"Row807"
"Pichincha","Distrito Metropolitano De Quito","Nanegal",2959,12,"Row808"
"Pichincha","Distrito Metropolitano De Quito","Nanegalito",2776,22,"Row809"
"Pichincha","Distrito Metropolitano De Quito","Nayon",22065,1247,"Row810"
"Pichincha","Distrito Metropolitano De Quito","Nono",2938,14,"Row811"
"Pichincha","Distrito Metropolitano De Quito","Pacto",3898,11,"Row812"
"Pichincha","Distrito Metropolitano De Quito","Perucho",704,72,"Row813"
"Pichincha","Distrito Metropolitano De Quito","Pifo",23202,91,"Row814"
"Pichincha","Distrito Metropolitano De Quito","Pintag",23240,48,"Row815"
"Pichincha","Distrito Metropolitano De Quito","Pomasqui",36883,1556,"Row816"
"Pichincha","Distrito Metropolitano De Quito","Puellaro",5155,71,"Row817"
"Pichincha","Distrito Metropolitano De Quito","Puembo",17780,560,"Row818"
"Pichincha","Distrito Metropolitano De Quito","San Antonio",49984,448,"Row819"
"Pichincha","Distrito Metropolitano De Quito","San Jose De Minas",5589,19,"Row820"
"Pichincha","Distrito Metropolitano De Quito","Tababela",3851,152,"Row821"
"Pichincha","Distrito Metropolitano De Quito","Tumbaco",79109,1207,"Row822"
"Pichincha","Distrito Metropolitano De Quito","Yaruqui",26564,364,"Row823"
"Pichincha","Distrito Metropolitano De Quito","Zambiza",6160,814,"Row824"
"Pichincha","Cayambe","Cayambe",49308,193,"Row825"
"Pichincha","Cayambe","Ascazubi",7851,227,"Row826"
"Pichincha","Cayambe","Cangahua",18037,54,"Row827"
"Pichincha","Cayambe","Olmedo",6515,16,"Row828"
"Pichincha","Cayambe","Oton",3167,130,"Row829"
"Pichincha","Cayambe","Santa Rosa De Cuzubamba",5996,275,"Row830"
"Pichincha","Cayambe","San Jose De Ayora",14393,110,"Row831"
"Pichincha","Mejia","Machachi",32814,84,"Row832"
"Pichincha","Mejia","Aloag",10319,49,"Row833"
"Pichincha","Mejia","Aloasi",12530,191,"Row834"
"Pichincha","Mejia","Cutuglahua",25422,783,"Row835"
"Pichincha","Mejia","El Chaupi",1425,10,"Row836"
"Pichincha","Mejia","Manuel Cornejo Astorga",3341,7,"Row837"
"Pichincha","Mejia","Tambillo",9851,197,"Row838"
"Pichincha","Mejia","Uyumbicho",6192,294,"Row839"
"Pichincha","Pedro Moncayo","Tabacundo",21157,297,"Row840"
"Pichincha","Pedro Moncayo","La Esperanza",4701,124,"Row841"
"Pichincha","Pedro Moncayo","Malchingui",6307,73,"Row842"
"Pichincha","Pedro Moncayo","Tocachi",2028,21,"Row843"
"Pichincha","Pedro Moncayo","Tupigachi",6290,145,"Row844"
"Pichincha","Ruminahui","Sangolqui",102863,1795,"Row845"
"Pichincha","Ruminahui","Cotogchoa",4384,122,"Row846"
"Pichincha","Ruminahui","Rumipamba",657,16,"Row847"
"Pichincha","San Miguel De Los Bancos","San Miguel De Los Bancos",10708,18,"Row848"
"Pichincha","San Miguel De Los Bancos","Mindo",2953,11,"Row849"
"Pichincha","Pedro Vicente Maldonado","Pedro Vicente Maldonado",15475,25,"Row850"
"Pichincha","Puerto Quito","Puerto Quito",25067,36,"Row851"
"Tungurahua","Ambato","Ambato",188338,4006,"Row852"
"Tungurahua","Ambato","Ambatillo",5281,413,"Row853"
"Tungurahua","Ambato","Atahualpa",14231,1503,"Row854"
"Tungurahua","Ambato","Augusto N. Martinez",8474,276,"Row855"
"Tungurahua","Ambato","Constantino Fernandez",3931,200,"Row856"
"Tungurahua","Ambato","Huachi Grande",15782,1115,"Row857"
"Tungurahua","Ambato","Izamba",22218,754,"Row858"
"Tungurahua","Ambato","Juan Benigno Vela",7523,207,"Row859"
"Tungurahua","Ambato","Montalvo",6193,593,"Row860"
"Tungurahua","Ambato","Pasa",4238,88,"Row861"
"Tungurahua","Ambato","Picaihua",10382,650,"Row862"
"Tungurahua","Ambato","Pilaguin",11450,27,"Row863"
"Tungurahua","Ambato","Quisapincha",10777,88,"Row864"
"Tungurahua","Ambato","San Bartolome De Pinllo",10240,925,"Row865"
"Tungurahua","Ambato","San Fernando",2035,19,"Row866"
"Tungurahua","Ambato","Santa Rosa",28210,710,"Row867"
"Tungurahua","Ambato","Totoras",9674,1263,"Row868"
"Tungurahua","Ambato","Cunchibamba",5546,276,"Row869"
"Tungurahua","Ambato","Unamuncho",6141,398,"Row870"
"Tungurahua","Banos De Agua Santa","Banos",16121,190,"Row871"
"Tungurahua","Banos De Agua Santa","Lligua",343,39,"Row872"
"Tungurahua","Banos De Agua Santa","Rio Negro",1274,2,"Row873"
"Tungurahua","Banos De Agua Santa","Rio Verde",1337,5,"Row874"
"Tungurahua","Banos De Agua Santa","Ulba",2833,30,"Row875"
"Tungurahua","Cevallos","Cevallos",10433,556,"Row876"
"Tungurahua","Mocha","Mocha",5820,73,"Row877"
"Tungurahua","Mocha","Pinguili",1440,244,"Row878"
"Tungurahua","Patate","Patate",8743,110,"Row879"
"Tungurahua","Patate","El Triunfo",1360,10,"Row880"
"Tungurahua","Patate","Los Andes",1385,85,"Row881"
"Tungurahua","Patate","Sucre",2391,42,"Row882"
"Tungurahua","Quero","Quero",14431,153,"Row883"
"Tungurahua","Quero","Rumipamba",3007,85,"Row884"
"Tungurahua","Quero","Yanayacu Mochapata",1646,42,"Row885"
"Tungurahua","San Pedro De Pelileo","Pelileo",28073,487,"Row886"
"Tungurahua","San Pedro De Pelileo","Benitez",2626,508,"Row887"
"Tungurahua","San Pedro De Pelileo","Bolivar",2925,271,"Row888"
"Tungurahua","San Pedro De Pelileo","Cotalo",2186,49,"Row889"
"Tungurahua","San Pedro De Pelileo","Chiquicha",2844,178,"Row890"
"Tungurahua","San Pedro De Pelileo","El Rosario",2675,230,"Row891"
"Tungurahua","San Pedro De Pelileo","Garcia Moreno",7836,500,"Row892"
"Tungurahua","San Pedro De Pelileo","Guambalo",8444,329,"Row893"
"Tungurahua","San Pedro De Pelileo","Salasaca",6288,503,"Row894"
"Tungurahua","Santiago De Pillaro","Pillaro",16012,324,"Row895"
"Tungurahua","Santiago De Pillaro","Baquerizo Moreno",239,9,"Row896"
"Tungurahua","Santiago De Pillaro","Emilio Maria Teran",1531,92,"Row897"
"Tungurahua","Santiago De Pillaro","Marcos Espinel",2266,18,"Row898"
"Tungurahua","Santiago De Pillaro","Presidente Urbina",3265,260,"Row899"
"Tungurahua","Santiago De Pillaro","San Andres",12231,230,"Row900"
"Tungurahua","Santiago De Pillaro","San Jose De Poalo",1807,11,"Row901"
"Tungurahua","Santiago De Pillaro","San Miguelito",5146,233,"Row902"
"Tungurahua","Tisaleo","Tisaleo",12676,262,"Row903"
"Tungurahua","Tisaleo","Quinchicoto",1234,109,"Row904"
"Zamora Chinchipe","Zamora","Zamora",17950,45,"Row905"
"Zamora Chinchipe","Zamora","Cumbaratza",3617,24,"Row906"
"Zamora Chinchipe","Zamora","Guadalupe",3477,14,"Row907"
"Zamora Chinchipe","Zamora","Imbana",874,3,"Row908"
"Zamora Chinchipe","Zamora","Sabanilla",621,2,"Row909"
"Zamora Chinchipe","Zamora","Timbara",1705,6,"Row910"
"Zamora Chinchipe","Zamora","San Carlos De Las Minas",1942,13,"Row911"
"Zamora Chinchipe","Chinchipe","Zumba",7984,19,"Row912"
"Zamora Chinchipe","Chinchipe","Chito",1499,5,"Row913"
"Zamora Chinchipe","Chinchipe","El Chorro",152,11,"Row914"
"Zamora Chinchipe","Chinchipe","La Chonta",241,13,"Row915"
"Zamora Chinchipe","Chinchipe","Pucapamba",104,4,"Row916"
"Zamora Chinchipe","Chinchipe","San Andres",357,1,"Row917"
"Zamora Chinchipe","Nangaritza","Guayzimi",3158,27,"Row918"
"Zamora Chinchipe","Nangaritza","Zurmi",1915,2,"Row919"
"Zamora Chinchipe","Nangaritza","Nuevo Paraiso",801,1,"Row920"
"Zamora Chinchipe","Nangaritza","Nankais",555,7,"Row921"
"Zamora Chinchipe","Yacuambi","28 De Mayo",2979,7,"Row922"
"Zamora Chinchipe","Yacuambi","La Paz",2230,7,"Row923"
"Zamora Chinchipe","Yacuambi","Tutupali",1182,2,"Row924"
"Zamora Chinchipe","Yantzaza","Yantzaza",16375,60,"Row925"
"Zamora Chinchipe","Yantzaza","Chicana",2863,11,"Row926"
"Zamora Chinchipe","Yantzaza","Los Encuentros",4132,9,"Row927"
"Zamora Chinchipe","El Pangui","El Pangui",8336,54,"Row928"
"Zamora Chinchipe","El Pangui","El Guisme",1621,17,"Row929"
"Zamora Chinchipe","El Pangui","Pachicutza",1724,13,"Row930"
"Zamora Chinchipe","El Pangui","Tundayme",1087,4,"Row931"
"Zamora Chinchipe","Centinela Del Condor","Zumbi",5192,31,"Row932"
"Zamora Chinchipe","Centinela Del Condor","Triunfo Dorado",986,20,"Row933"
"Zamora Chinchipe","Centinela Del Condor","Panguintza",1704,38,"Row934"
"Zamora Chinchipe","Palanda","Palanda",3999,9,"Row935"
"Zamora Chinchipe","Palanda","El Porvenir Del Carmen",1558,3,"Row936"
"Zamora Chinchipe","Palanda","San Francisco Del Vergel",1603,6,"Row937"
"Zamora Chinchipe","Palanda","Valladolid",1258,2,"Row938"
"Zamora Chinchipe","Palanda","La Canela",455,2,"Row939"
"Zamora Chinchipe","Paquisha","Paquisha",2253,14,"Row940"
"Zamora Chinchipe","Paquisha","Bellavista",440,8,"Row941"
"Zamora Chinchipe","Paquisha","Nuevo Quito",2044,18,"Row942"
"Galapagos","San Cristobal","Puerto Baquerizo Moreno",7290,2480,"Row943"
"Galapagos","San Cristobal","El Progreso",865,2,"Row944"
"Galapagos","San Cristobal","Isla Santa Maria Floreana",145,1,"Row945"
"Galapagos","Isabela","Puerto Villamil",2755,1755,"Row946"
"Galapagos","Isabela","Tomas De Berlanga",295,0,"Row947"
"Galapagos","Santa Cruz","Puerto Ayora",12737,4407,"Row948"
"Galapagos","Santa Cruz","Bella Vista",3933,3,"Row949"
"Galapagos","Santa Cruz","Santa Rosa",563,1,"Row950"
"Sucumbios","Lago Agrio","Nueva Loja",65791,303,"Row951"
"Sucumbios","Lago Agrio","Dureno",3149,13,"Row952"
"Sucumbios","Lago Agrio","General Farfan",6681,13,"Row953"
"Sucumbios","Lago Agrio","El Eno",6918,16,"Row954"
"Sucumbios","Lago Agrio","Pacayacu",8428,10,"Row955"
"Sucumbios","Lago Agrio","Jambeli",3478,8,"Row956"
"Sucumbios","Lago Agrio","Santa Cecilia",8669,36,"Row957"
"Sucumbios","Lago Agrio","10 De Agosto",1930,12,"Row958"
"Sucumbios","Gonzalo Pizarro","Lumbaqui",4178,17,"Row959"
"Sucumbios","Gonzalo Pizarro","El Reventador",1068,1,"Row960"
"Sucumbios","Gonzalo Pizarro","Gonzalo Pizarro",3545,15,"Row961"
"Sucumbios","Gonzalo Pizarro","Puerto Libre",1565,2,"Row962"
"Sucumbios","Putumayo","Puerto El Carmen De Putumayo",3090,3,"Row963"
"Sucumbios","Putumayo","Palma Roja",1085,2,"Row964"
"Sucumbios","Putumayo","Puerto Bolivar",76,0,"Row965"
"Sucumbios","Putumayo","Puerto Rodriguez",295,1,"Row966"
"Sucumbios","Putumayo","Santa Elena",1803,3,"Row967"
"Sucumbios","Putumayo","Sansahuari",2669,5,"Row968"
"Sucumbios","Shushufindi","Shushufindi",30747,63,"Row969"
"Sucumbios","Shushufindi","Limoncocha",6857,13,"Row970"
"Sucumbios","Shushufindi","Panacocha",746,1,"Row971"
"Sucumbios","Shushufindi","San Roque",4483,7,"Row972"
"Sucumbios","Shushufindi","San Pedro De Los Cofanes",3644,49,"Row973"
"Sucumbios","Shushufindi","Siete De Julio",4349,36,"Row974"
"Sucumbios","Sucumbios","La Bonita",935,7,"Row975"
"Sucumbios","Sucumbios","El Playon De San Francisco",1248,4,"Row976"
"Sucumbios","Sucumbios","La Sofia",122,0,"Row977"
"Sucumbios","Sucumbios","Rosa Florida",270,1,"Row978"
"Sucumbios","Sucumbios","Santa Barbara",599,7,"Row979"
"Sucumbios","Cascales","El Dorado De Cascales",3801,5,"Row980"
"Sucumbios","Cascales","Santa Rosa De Sucumbios",603,10,"Row981"
"Sucumbios","Cascales","Sevilla",3106,26,"Row982"
"Sucumbios","Cascales","Nueva Troncal",4234,11,"Row983"
"Sucumbios","Cuyabeno","Tarapoa",6739,6,"Row984"
"Sucumbios","Cuyabeno","Cuyabeno",435,0,"Row985"
"Sucumbios","Cuyabeno","Aguas Negras",1678,3,"Row986"
"Orellana","Francisco De Orellana","El Coca",59104,399,"Row987"
"Orellana","Francisco De Orellana","Dayuma",7253,6,"Row988"
"Orellana","Francisco De Orellana","Taracoa",3107,8,"Row989"
"Orellana","Francisco De Orellana","Alejandro Labaka",1559,2,"Row990"
"Orellana","Francisco De Orellana","El Dorado",3279,24,"Row991"
"Orellana","Francisco De Orellana","El Eden",1246,1,"Row992"
"Orellana","Francisco De Orellana","Garcia Moreno",1491,11,"Row993"
"Orellana","Francisco De Orellana","Ines Arango",3661,2,"Row994"
"Orellana","Francisco De Orellana","La Belleza",5168,8,"Row995"
"Orellana","Francisco De Orellana","Nuevo Paraiso",3511,11,"Row996"
"Orellana","Francisco De Orellana","San Jose De Guayusa",3255,7,"Row997"
"Orellana","Francisco De Orellana","San Luis De Armenia",2496,8,"Row998"
"Orellana","Aguarico","Nuevo Rocafuerte",3662,2,"Row999"
"Orellana","Aguarico","Capitan Augusto Rivadeneyra",1142,1,"Row1000"
"Orellana","Aguarico","Cononaco",708,0,"Row1001"
"Orellana","Aguarico","Santa Maria De Huiririma",938,1,"Row1002"
"Orellana","Aguarico","Yasuni",422,0,"Row1003"
"Orellana","La Joya De Los Sachas","La Joya De Los Sachas",25989,136,"Row1004"
"Orellana","La Joya De Los Sachas","Enokanqui",3232,42,"Row1005"
"Orellana","La Joya De Los Sachas","Pompeya",1661,17,"Row1006"
"Orellana","La Joya De Los Sachas","San Carlos",4243,32,"Row1007"
"Orellana","La Joya De Los Sachas","San Sebastian Del Coca",5280,19,"Row1008"
"Orellana","La Joya De Los Sachas","Lago San Pedro",2287,30,"Row1009"
"Orellana","La Joya De Los Sachas","Rumipamba",2144,29,"Row1010"
"Orellana","La Joya De Los Sachas","Tres De Noviembre",3945,32,"Row1011"
"Orellana","La Joya De Los Sachas","Union Milagrena",3663,25,"Row1012"
"Orellana","Loreto","Loreto",7677,81,"Row1013"
"Orellana","Loreto","Avila",5863,18,"Row1014"
"Orellana","Loreto","Puerto Murialdo",3934,21,"Row1015"
"Orellana","Loreto","San Jose De Payamino",3576,4,"Row1016"
"Orellana","Loreto","San Jose De Dahuano",5461,11,"Row1017"
"Orellana","Loreto","San Vicente De Huaticocha",1209,6,"Row1018"
"Santo Domingo De Los Tsachilas","Santo Domingo","Santo Domingo De Los Colorados",373321,348,"Row1019"
"Santo Domingo De Los Tsachilas","Santo Domingo","Alluriquin",8607,13,"Row1020"
"Santo Domingo De Los Tsachilas","Santo Domingo","Puerto Limon",11630,48,"Row1021"
"Santo Domingo De Los Tsachilas","Santo Domingo","Luz De America",11504,37,"Row1022"
"Santo Domingo De Los Tsachilas","Santo Domingo","San Jacinto Del Bua",13624,67,"Row1023"
"Santo Domingo De Los Tsachilas","Santo Domingo","Valle Hermoso",9865,32,"Row1024"
"Santo Domingo De Los Tsachilas","Santo Domingo","El Esfuerzo",5973,21,"Row1025"
"Santo Domingo De Los Tsachilas","Santo Domingo","Santa Maria Del Toachi",7059,20,"Row1026"
"Santo Domingo De Los Tsachilas","La Concordia","La Concordia",37178,459,"Row1027"
"Santo Domingo De Los Tsachilas","La Concordia","Monterrey",7386,72,"Row1028"
"Santo Domingo De Los Tsachilas","La Concordia","La Villegas",4529,77,"Row1029"
"Santo Domingo De Los Tsachilas","La Concordia","Plan Piloto",2293,28,"Row1030"
"Santa Elena","Santa Elena","Santa Elena",72598,135,"Row1031"
"Santa Elena","Santa Elena","Atahualpa",4004,52,"Row1032"
"Santa Elena","Santa Elena","Colonche",40058,35,"Row1033"
"Santa Elena","Santa Elena","Chanduy",20558,27,"Row1034"
"Santa Elena","Santa Elena","Manglaralto",37167,88,"Row1035"
"Santa Elena","Santa Elena","Simon Bolivar",4384,8,"Row1036"
"Santa Elena","Santa Elena","San Jose De Ancon",7918,120,"Row1037"
"Santa Elena","La Libertad","La Libertad",112247,4440,"Row1038"
"Santa Elena","Salinas","Salinas",35081,2049,"Row1039"
"Santa Elena","Salinas","Anconcito",15052,1005,"Row1040"
"Santa Elena","Salinas","Jose Luis Tamayo",36668,1027,"Row1041"
